IDs,N10,N20,r1,r2,a11,a22,a12,a21,dist1,dist2
0,50,50,0.3125,0.28571429,-5.60E-05,-2.94E-05,-2.50E-05,-2.50E-05,4.91459,1.190164
1,50,50,0.253579,0.2035197,-0.000126224,-5.11E-05,-2.50E-05,-2.50E-05,3.479513,2.036384
2,50,50,0.4731435,0.3164801,-0.000121596,-7.53E-05,-2.50E-05,-2.50E-05,2.025963,3.71335
3,50,50,0.413965,0.2378134,-0.000129052,-8.36E-05,-2.50E-05,-2.50E-05,2.882171,4.686404
4,50,50,0.3621256,0.2969941,-0.000107286,-5.13E-05,-2.50E-05,-2.50E-05,1.480244,1.446915
5,50,50,0.3609787,0.2119143,-0.000144966,-4.93E-05,-2.50E-05,-2.50E-05,4.559115,1.86074