IDs,N10,r1,a11,dist
0,50,0.1317804,-7.26E-05,2.452859
1,50,0.1847213,-6.04E-05,1.35025
2,50,0.2393726,-7.99E-05,2.501401
3,50,0.3060789,-9.98E-05,4.385714
4,50,0.1521292,-9.84E-05,4.534824